{"version": "0.4.1", "metrics": [{"metric": "DatasetDriftMetric", "result": {"drift_share": 0.5, "number_of_columns": 12, "number_of_drifted_columns": 0, "share_of_drifted_columns": 0.0, "dataset_drift": false}}, {"metric": "DataDriftTable", "result": {"number_of_columns": 12, "number_of_drifted_columns": 0, "share_of_drifted_columns": 0.0, "dataset_drift": false, "drift_by_columns": {"Indic_doc 3": {"column_name": "Indic_doc 3", "column_type": "num", "stattest_name": "Jensen-Shannon distance", "stattest_threshold": 0.1, "drift_score": 0.0005873329614559115, "drift_detected": false, "current": {"small_distribution": {"x": [0.0, 0.1, 0.2, 0.30000000000000004, 0.4, 0.5, 0.6000000000000001, 0.7000000000000001, 0.8, 0.9, 1.0], "y": [2.8730424319903745, 0.0, 0.0, 0.0, 0.0, 0.0, 0.0, 0.0, 0.0, 7.126957568009627]}}, "reference": {"small_distribution": {"x": [0.0, 0.1, 0.2, 0.30000000000000004, 0.4, 0.5, 0.6000000000000001, 0.7000000000000001, 0.8, 0.9, 1.0], "y": [2.8805625011750107, 0.0, 0.0, 0.0, 0.0, 0.0, 0.0, 0.0, 0.0, 7.119437498824991]}}}, "Nb demandes/h": {"column_name": "Nb demandes/h", "column_type": "num", "stattest_name": "Jensen-Shannon distance", "stattest_threshold": 0.1, "drift_score": 0.002398967263482349, "drift_detected": false, "current": {"small_distribution": {"x": [0.0, 0.3, 0.6, 0.8999999999999999, 1.2, 1.5, 1.7999999999999998, 2.1, 2.4, 2.6999999999999997, 3.0], "y": [3.313906487939689, 0.0, 0.0, 0.01873750571838594, 0.0, 0.0, 0.000626672432053041, 0.0, 0.0, 6.26672432053041e-05]}}, "reference": {"small_distribution": {"x": [0.0, 0.4, 0.8, 1.2000000000000002, 1.6, 2.0, 2.4000000000000004, 2.8000000000000003, 3.2, 3.6, 4.0], "y": [2.484536857739091, 0.0, 0.014816886315354097, 0.0, 0.0, 0.0005405049726457478, 0.0, 9.400086480795625e-05, 0.0, 1.1750108100994532e-05]}}}, "SK_ID_CURR": {"column_name": "SK_ID_CURR", "column_type": "num", "stattest_name": "Wasserstein distance (normed)", "stattest_threshold": 0.1, "drift_score": 0.007477753877510599, "drift_detected": false, "current": {"small_distribution": {"x": [100010.0, 135634.5, 171259.0, 206883.5, 242508.0, 278132.5, 313757.0, 349381.5, 385006.0, 420630.5, 456255.0], "y": [2.7568696697877214e-06, 2.8381403300379716e-06, 2.8106982889145103e-06, 2.7120124871820635e-06, 2.8418344509584376e-06, 2.7568696697877214e-06, 2.8624159818010337e-06, 2.8988294594456265e-06, 2.802782315513512e-06, 2.7901167580719146e-06]}}, "reference": {"small_distribution": {"x": [100002.0, 135627.2, 171252.4, 206877.59999999998, 242502.8, 278128.0, 313753.19999999995, 349378.39999999997, 385003.6, 420628.8, 456254.0], "y": [2.8116985038500313e-06, 2.8080044555153956e-06, 2.793755983367507e-06, 2.8409870299318026e-06, 2.809851479682712e-06, 2.8025953133111066e-06, 2.7933601924745077e-06, 2.810247270575709e-06, 2.7789797900289534e-06, 2.8205378337936286e-06]}}}, "Sexe": {"column_name": "Sexe", "column_type": "num", "stattest_name": "Jensen-Shannon distance", "stattest_threshold": 0.1, "drift_score": 0.0015457440011303388, "drift_detected": false, "current": {"small_distribution": {"x": [0.0, 0.1, 0.2, 0.30000000000000004, 0.4, 0.5, 0.6000000000000001, 0.7000000000000001, 0.8, 0.9, 1.0], "y": [3.3898591867045176, 0.0, 0.0, 0.0, 0.0, 0.0, 0.0, 0.0, 0.0, 6.610140813295484]}}, "reference": {"small_distribution": {"x": [0.0, 0.1, 0.2, 0.30000000000000004, 0.4, 0.5, 0.6000000000000001, 0.7000000000000001, 0.8, 0.9, 1.0], "y": [3.369178996446767, 0.0, 0.0, 0.0, 0.0, 0.0, 0.0, 0.0, 0.0, 6.630821003553234]}}}, "Source_2": {"column_name": "Source_2", "column_type": "num", "stattest_name": "Wasserstein distance (normed)", "stattest_threshold": 0.1, "drift_score": 0.006046581635578079, "drift_detected": false, "current": {"small_distribution": {"x": [1.3159555812626235e-06, 0.08550115100049326, 0.17100098604540523, 0.25650082109031724, 0.34200065613522923, 0.4275004911801412, 0.5130003262250532, 0.5985001612699652, 0.6839999963148772, 0.7694998313597892, 0.8549996664047012], "y": [0.34478044534577523, 0.48660658517232186, 0.6365684880586855, 0.83644439674447, 0.9589206136179373, 1.3307469740004028, 2.0521912604669135, 2.7235016556459004, 2.0728604963486115, 0.2533080822948553]}}, "reference": {"small_distribution": {"x": [5.002108762101576e-06, 0.08550446853835601, 0.17100393496794994, 0.2565034013975438, 0.34200286782713774, 0.4275023342567317, 0.5130018006863255, 0.5985012671159194, 0.6840007335455134, 0.7695001999751073, 0.8549996664047012], "y": [0.34555153432997826, 0.4726458943953472, 0.6103497750025058, 0.8567325266517196, 0.9703038708969844, 1.3452102444462148, 2.070560625528628, 2.7232935110892647, 2.0540691428211844, 0.24726229739361177]}}}, "Source_3": {"column_name": "Source_3", "column_type": "num", "stattest_name": "Wasserstein distance (normed)", "stattest_threshold": 0.1, "drift_score": 0.008225915992504015, "drift_detected": false, "current": {"small_distribution": {"x": [0.0005272652387098, 0.08872756999425342, 0.17692787474979704, 0.2651281795053406, 0.35332848426088426, 0.4415287890164279, 0.5297290937719715, 0.6179293985275152, 0.7061297032830588, 0.7943300080386024, 0.8825303127941461], "y": [0.1858695485003659, 0.48300504231861136, 0.748593869648263, 0.9779466611464204, 1.2806241369153648, 2.329337644509172, 1.7180144047166843, 1.74231386403898, 1.408942334389241, 0.46318179918726493]}}, "reference": {"small_distribution": {"x": [0.0005272652387098, 0.09007549366432277, 0.17962372208993574, 0.2691719505155487, 0.35872017894116165, 0.4482684073667746, 0.5378166357923877, 0.6273648642180006, 0.7169130926436136, 0.8064613210692265, 0.8960095494948396], "y": [0.18716567027544598, 0.4860219031830145, 0.7297676611076278, 1.0152399215193362, 1.2761486559386415, 2.3188913287828004, 1.7314661516311525, 1.8116650142730149, 1.2852812489358167, 0.32551920556598846]}}}, "TARGET": {"column_name": "TARGET", "column_type": "num", "stattest_name": "Jensen-Shannon distance", "stattest_threshold": 0.1, "drift_score": 0.003414993435023611, "drift_detected": false, "current": {"small_distribution": {"x": [0.0, 0.1, 0.2, 0.30000000000000004, 0.4, 0.5, 0.6000000000000001, 0.7000000000000001, 0.8, 0.9, 1.0], "y": [9.207384707939314, 0.0, 0.0, 0.0, 0.0, 0.0, 0.0, 0.0, 0.0, 0.7926152920606871]}}, "reference": {"small_distribution": {"x": [0.0, 0.1, 0.2, 0.30000000000000004, 0.4, 0.5, 0.6000000000000001, 0.7000000000000001, 0.8, 0.9, 1.0], "y": [9.233281946193905, 0.0, 0.0, 0.0, 0.0, 0.0, 0.0, 0.0, 0.0, 0.7667180538060951]}}}, "Tx pay.": {"column_name": "Tx pay.", "column_type": "num", "stattest_name": "Wasserstein distance (normed)", "stattest_threshold": 0.1, "drift_score": 0.0045219649767472515, "drift_detected": false, "current": {"small_distribution": {"x": [0.025278224071943, 0.035259304505959405, 0.045240384939975814, 0.05522146537399222, 0.06520254580800863, 0.07518362624202504, 0.08516470667604145, 0.09514578711005786, 0.10512686754407427, 0.11510794797809068, 0.1250890284121071], "y": [22.4937236997076, 18.445908239091985, 28.50423050977014, 7.615317779092095, 7.003153970483406, 4.878474659373863, 1.648133330869548, 4.850220945130385, 3.765278318180831, 0.9851128366225985]}}, "reference": {"small_distribution": {"x": [0.0247396072693047, 0.0396787540917876, 0.054617900914270504, 0.0695570477367534, 0.0844961945592363, 0.09943534138171921, 0.11437448820420211, 0.12931363502668503, 0.1442527818491679, 0.15919192867165083, 0.1741310754941337], "y": [20.798092567466885, 25.25772561909293, 7.995563624269796, 5.3820770803645, 3.013673721448035, 3.8580938350680927, 0.6326858600931197, 0.0, 0.0, 0.0003146125609612737]}}}, "Cadre": {"column_name": "Cadre", "column_type": "cat", "stattest_name": "Jensen-Shannon distance", "stattest_threshold": 0.1, "drift_score": 0.003400612626766308, "drift_detected": false, "current": {"small_distribution": {"x": [false, true], "y": [48195, 4996]}}, "reference": {"small_distribution": {"x": [false, true], "y": [193373, 19391]}}}, "Etudes Sup": {"column_name": "Etudes Sup",